B3-EE-319-1,B3-EE-319-1
B3-EE-320-1,B3-EE-320-1
B3-EE-320-2,B3-EE-320-2
B3-EE-008-1,B3-EE-008-1
B3-EE-008-2,B3-EE-008-2
B3-EE-008-3,B3-EE-008-3
B3-EE-201-1,B3-EE-201-1
B3-EE-224-1,B3-EE-224-1
B3-EE-224-2,B3-EE-224-2
B3-EE-224-3,B3-EE-224-3
B3-EE-223-1,B3-EE-223-1
B3-EE-223-2,B3-EE-223-2
B3-EE-223-3,B3-EE-223-3
B3-EE-225-1,B3-EE-225-1
B3-EE-225-2,B3-EE-225-2
B3-EE-225-3,B3-EE-225-3
B3-EE-321-1,B3-EE-321-1
B3-EE-321-2,B3-EE-321-2
B3-EE-321-3,B3-EE-321-3
B3-EE-322-1,B3-EE-322-1
B3-EE-322-2,B3-EE-322-2
B3-EE-322-3,B3-EE-322-3
B3-EE-324-1,B3-EE-324-1
B3-EE-324-2,B3-EE-324-2
B3-EE-324-3,B3-EE-324-3